{"cameraMode":{"drawMode":0,"name":"Shaded","section":"Shading Mode"},"sceneLighting":false,"audioPlay":false,"sceneViewState":{"showFog":true,"showMaterialUpdate":false,"showSkybox":true,"showFlares":true,"showImageEffects":true,"showParticleSystems":true},"in2DMode":false,"pivot":{"x":-0.575529932975769,"y":-2.9838593006134035,"z":-1.151076316833496},"rotation":{"x":-0.01799790747463703,"y":-0.9555732011795044,"z":0.28808313608169558,"w":-0.05969937518239021},"size":20.65308952331543,"orthographic":false}