{"cameraMode":{"drawMode":0,"name":"Shaded","section":"Shading Mode"},"sceneLighting":false,"audioPlay":false,"sceneViewState":{"showFog":true,"showMaterialUpdate":false,"showSkybox":true,"showFlares":true,"showImageEffects":true,"showParticleSystems":true},"in2DMode":false,"pivot":{"x":-23.72623062133789,"y":9.879051208496094,"z":19.280881881713868},"rotation":{"x":-0.03219055384397507,"y":-0.8439107537269592,"z":0.05095856636762619,"w":-0.533086895942688},"size":422.6604309082031,"orthographic":true}