{"cameraMode":{"drawMode":0,"name":"Shaded","section":"Shading Mode"},"sceneLighting":false,"audioPlay":false,"sceneViewState":{"showFog":true,"showMaterialUpdate":false,"showSkybox":true,"showFlares":true,"showImageEffects":true,"showParticleSystems":true},"in2DMode":false,"pivot":{"x":1.2138729095458985,"y":-5.6755266189575199,"z":4.789789199829102},"rotation":{"x":-0.1729324609041214,"y":0.8234665989875794,"z":-0.33734479546546938,"w":-0.42213234305381777},"size":165.61614990234376,"orthographic":false}